{"total_energy":124.87795193958281,"power_avg":3.902435998111963,"duration":32}