{"total_energy":125.06377521896361,"power_avg":3.908242975592613,"duration":32}