{"total_energy":133.0010010986328,"power_avg":3.911794149959788,"duration":34}