{"total_energy":120.73958780813217,"power_avg":3.8948254131655538,"duration":31}